strain,insertion: 47bp @ ref pos 329,insertion: 3bp @ ref pos 6247,insertion: 3bp @ ref pos 6264,insertion: 3bp @ ref pos 6386,insertion: 3bp @ ref pos 6444,insertion: 9bp @ ref pos 11104,insertion: 9bp @ ref pos 11278,insertion: 6bp @ ref pos 21858,insertion: 9bp @ ref pos 21921,insertion: 6bp @ ref pos 21928,insertion: 13bp @ ref pos 21993,insertion: 192bp @ ref pos 22013,insertion: 9bp @ ref pos 22204,insertion: 3bp @ ref pos 25699,insertion: 1bp @ ref pos 26408,insertion: 1bp @ ref pos 26493,insertion: 17bp @ ref pos 27412,insertion: 2bp @ ref pos 27659,insertion: 15bp @ ref pos 27691,insertion: 8bp @ ref pos 27831,insertion: 7bp @ ref pos 27959,insertion: 1bp @ ref pos 28214,insertion: 2bp @ ref pos 28251,insertion: 4bp @ ref pos 28262,insertion: 9bp @ ref pos 28334,insertion: 9bp @ ref pos 28360,insertion: 497bp @ ref pos 29372,insertion: 160bp @ ref pos 29706,insertion: 26bp @ ref pos 29728,insertion: 79bp @ ref pos 29804
hCoV-19/USA/WA-CDC-UW22032119630/2022,,,,,,,ACTAGTTTG,,,,,,,,,,,,,,,,,,,,,,,
hCoV-19/USA/WA-S18624/2022,,,,,,,,,T,,,,GAGCCAGAA,,,,,,,,,,,,,,,,,
hCoV-19/USA/WA-S18585/2022,,,,,,,,,TAAT,,,,GAGCCAGAA,,,,,,,,,,,,,,,,,
hCoV-19/USA/WA-Altius-ALTCOV-6ROIZFAFE3JXZJCX/2021,,,,,,,,,,,A,,,,,,,,,,,,,,,,,,,
hCoV-19/USA/WA-S15747/2021,,,,,,,,,,,,,GAGCCAGAA,,,,,,,,,,,,,,,,,
hCoV-19/USA/WA-S17384/2022,,,,,,,,,,,,,GAGCCAGAA,,,,,,,,,,,,,,,,,
hCoV-19/USA/WA-S17979/2022,,,,,,,,,,,,,GAGCCAGAA,,,,,,,,,,,,,,,,,
hCoV-19/USA/WA-S15746/2021,,,,,,,,,,,,,GAGCCAGAA,,,,,,,,,,,,,,,,,
hCoV-19/USA/WA-S15768/2021,,,,,,,,,,,,,GAGCCAGAA,,,,,,,,,,,,,,,,,
hCoV-19/USA/WA-S16420/2022,,,,,,,,,,,,,GAGCCAGAA,,,,,,,,,,,,,,,,,
hCoV-19/USA/WA-S16421/2022,,,,,,,,,,,,,GAGCCAGAA,,,,,,,,,,,,,,,,,
hCoV-19/USA/WA-S16696/2022,,,,,,,,,,,,,GAGCCAGAA,,,,,,,,,,,,,,,,,
hCoV-19/USA/WA-S16798/2022,,,,,,,,,,,,,GAGCCAGAA,,,,,,,,,,,,,,,,,
hCoV-19/USA/WA-S16098/2022,,,,,,,,,,,,,GAGCCAGAA,,,,,,,,,,,,,,,,,
hCoV-19/USA/WA-S17589/2022,,,,,,,,,,,,,GAGCCAGAA,,,,,,,,,,,,,,,,,
hCoV-19/USA/WA-S16271/2022,,,,,,,,,,,,,GAGCCAGAA,,,,,,,,,,,,,,,,,
hCoV-19/USA/WA-S17556/2022,,,,,,,,,,,,,GAGCCAGAA,,,,,,,,,,,,,,,,,
hCoV-19/USA/WA-S17219/2022,,,,,,,,,,,,,GAGCCAGAA,,,,,,,,,,,,,,,,,
hCoV-19/USA/WA-S17025/2022,,,,,,,,,,,,,GAGCCAGAA,,,,,,,,,,,,,,,,,
hCoV-19/USA/WA-S15824/2021,,,,,,,,,,,,,GAGCCAGAA,,,,,,,,,,,,,,,,,
hCoV-19/USA/WA-CDC-ASC210824229/2022,,,,,,,,,,,,,GAGCCAGAA,,,,,,,,,,,,,,,,,
hCoV-19/USA/WA-CDC-ASC210571143/2021,,,,,,,,,,,,,GAGCCAGAA,,,,,,,,,,,,,,,,,
hCoV-19/USA/WA-S16218/2021,,,,,,,,,,,,,GAGCCAGAA,,,,,,,,,,,,,,,,,
hCoV-19/USA/WA-S16307/2022,,,,,,,,,,,,,GAGCCAGAA,,,,,,,,,,,,,,,,,
hCoV-19/USA/WA-S16968/2022,,,,,,,,,,,,,GAGCCAGAA,,,,,,,,,,,,,,,,,
hCoV-19/USA/WA-S16928/2022,,,,,,,,,,,,,GAGCCAGAA,,,,,,,,,,,,,,,,,
hCoV-19/USA/WA-S18428/2022,,,,,,,,,,,,,GAGCCAGAA,,,,,,,,,,,,,,,,,
hCoV-19/USA/WA-S18487/2022,,,,,,,,,,,,,GAGCCAGAA,,,,,,,,,,,,,,,,,
hCoV-19/USA/WA-S16913/2022,,,,,,,,,,,,,GAGCCAGAA,,,,,,,,,,,,,,,,,
hCoV-19/USA/WA-S17321/2022,,,,,,,,,,,,,GAGCCAGAA,,,,,,,,,,,,,,,,,
hCoV-19/USA/WA-S16917/2022,,,,,,,,,,,,,GAGCCAGAA,,,,,,,,,,,,,,,,,
hCoV-19/USA/WA-S18063/2022,,,,,,,,,,,,,GAGCCAGAA,,,,,,,,,,,,,,,,,
hCoV-19/USA/WA-S18116/2022,,,,,,,,,,,,,GAGCCAGAA,,,,,,,,,,,,,,,,,
hCoV-19/USA/WA-S15851/2021,,,,,,,,,,,,,GAGCCAGAA,,,,,,,,,,,,,,,,,
hCoV-19/USA/WA-S16172/2021,,,,,,,,,,,,,GAGCCAGAA,,,,,,,,,,,,,,,,,
hCoV-19/USA/WA-S16014/2021,,,,,,,,,,,,,GAGCCAGAA,,,,,,,,,,,,,,,,,
hCoV-19/USA/WA-S17314/2022,,,,,,,,,,,,,GAGCCAGAA,,,,,,,,,,,,,,,,,
hCoV-19/USA/WA-S16406/2022,,,,,,,,,,,,,GAGCCAGAA,,,,,,,,,,,,,,,,,
hCoV-19/USA/WA-S16074/2022,,,,,,,,,,,,,GAGCCAGAA,,,,,,,,,,,,,,,,,
hCoV-19/USA/WA-S16107/2022,,,,,,,,,,,,,GAGCCAGAA,,,,,,,,,,,,,,,,,
hCoV-19/USA/WA-S16743/2022,,,,,,,,,,,,,GAGCCAGAA,,,,,,,,,,,,,,,,,
hCoV-19/USA/WA-S16002/2021,,,,,,,,,,,,,GAGCCAGAA,,,,,,,,,,,,,,,,,
hCoV-19/USA/WA-S16799/2022,,,,,,,,,,,,,GAGCCAGAA,,,,,,,,,,,,,,,,,
hCoV-19/USA/WA-S15973/2021,,,,,,,,,,,,,GAGCCAGAA,,,,,,,,,,,,,,,,,
hCoV-19/USA/WA-S16914/2022,,,,,,,,,,,,,GAGCCAGAA,,,,,,,,,,,,,,,,,
hCoV-19/USA/WA-S16905/2022,,,,,,,,,,,,,GAGCCAGAA,,,,,,,,,,,,,,,,,
hCoV-19/USA/WA-S17586/2022,,,,,,,,,,,,,GAGCCAGAA,,,,,,,,,,,,,,,,,
hCoV-19/USA/WA-S17350/2022,,,,,,,,,,,,,GAGCCAGAA,,,,,,,,,,,,,,,,,
hCoV-19/USA/WA-S17565/2022,,,,,,,,,,,,,GAGCCAGAA,,,,,,,,,,,,,,,,,
hCoV-19/USA/WA-S16946/2022,,,,,,,,,,,,,GAGCCAGAA,,,,,,,,,,,,,,,,,
hCoV-19/USA/WA-S18421/2022,,,,,,,,,,,,,GAGCCAGAA,,,,,,,,,,,,,,,,,
hCoV-19/USA/WA-S18506/2022,,,,,,,,,,,,,GAGCCAGAA,,,,,,,,,,,,,,,,,
hCoV-19/USA/WA-S17550/2022,,,,,,,,,,,,,GAGCCAGAA,,,,,,,,,,,,,,,,,
hCoV-19/USA/WA-S18135/2022,,,,,,,,,,,,,GAGCCAGAA,,,,,,,,,,,,,,,,,
hCoV-19/USA/WA-S16141/2022,,,,,,,,,,,,,GAGCCAGAA,,,,,,,,,,,,,,,,,
hCoV-19/USA/WA-S15881/2021,,,,,,,,,,,,,GAGCCAGAA,,,,,,,,,,,,,,,,,
hCoV-19/USA/WA-S16910/2022,,,,,,,,,,,,,GAGCCAGAA,,,,,,,,,,,,,,,,,
hCoV-19/USA/WA-S17610/2022,,,,,,,,,,,,,GAGCCAGAA,,,,,,,,,,,,,,,,,
hCoV-19/USA/WA-S17987/2022,,,,,,,,,,,,,GAGCCAGAA,,,,,,,,,,,,,,,,,
hCoV-19/USA/WA-S18497/2022,,,,,,,,,,,,,GAGCCAGAA,,,,,,,,,,,,,,,,,
hCoV-19/USA/WA-S18467/2022,,,,,,,,,,,,,GAGCCAGAA,,,,,,,,,,,,,,,,,
hCoV-19/USA/WA-S16520/2021,,,,,,,,,,,,,GAGCCAGAA,,,,,,,,,,,,,,,,,
hCoV-19/USA/WA-S15871/2021,,,,,,,,,,,,,GAGCCAGAA,,,,,,,,,,,,,,,,,
hCoV-19/USA/WA-S16348/2022,,,,,,,,,,,,,GAGCCAGAA,,,,,,,,,,,,,,,,,
hCoV-19/USA/WA-S16293/2022,,,,,,,,,,,,,GAGCCAGAA,,,,,,,,,,,,,,,,,
hCoV-19/USA/WA-S17050/2022,,,,,,,,,,,,,GAGCCAGAA,,,,,,,,,,,,,,,,,
hCoV-19/USA/WA-S17341/2022,,,,,,,,,,,,,GAGCCAGAA,,,,,,,,,,,,,,,,,
hCoV-19/USA/WA-S18418/2022,,,,,,,,,,,,,GAGCCAGAA,,,,,,,,,,,,,,,,,
hCoV-19/USA/WA-S17758/2022,,,,,,,,,,,,,GAGCCAGAA,,,,,,,,,,,,,,,,,
hCoV-19/USA/WA-S16081/2022,,,,,,,,,,,,,GAGCCAGAA,,,,,,,,,,,,,,,,,
hCoV-19/USA/WA-S16356/2022,,,,,,,,,,,,,GAGCCAGAA,,,,,,,,,,,,,,,,,
hCoV-19/USA/WA-S17209/2022,,,,,,,,,,,,,GAGCCAGAA,,,,,,,,,,,,,,,,,
hCoV-19/USA/WA-S16888/2022,,,,,,,,,,,,,GAGCCAGAA,,,,,,,,,,,,,,,,,
hCoV-19/USA/WA-S17320/2022,,,,,,,,,,,,,GAGCCAGAA,,,,,,,,,,,,,,,,,
hCoV-19/USA/WA-S17691/2022,,,,,,,,,,,,,GAGCCAGAA,,,,,,,,,,,,,,,,,
hCoV-19/USA/WA-S18434/2022,,,,,,,,,,,,,GAGCCAGAA,,,,,,,,,,,,,,,,,
hCoV-19/USA/WA-S19043/2022,,,,,,,,,,,,,GAGCCAGAA,,,,,,,,,,,,,,,,,
hCoV-19/USA/WA-S18436/2022,,,,,,,,,,,,,GAGCCAGAA,,,,,,,,,,,,,,,,,
hCoV-19/USA/WA-S19565/2022,,,,,,,,,,,,,GAGCCAGAA,,,,,,,,,,,,,,,,,
hCoV-19/USA/WA-S18483/2022,,,,,,,,,,,,,GAGCCAGAA,,,,,,,,,,,,,,,,,
hCoV-19/USA/WA-S19061/2022,,,,,,,,,,,,,GAGCCAGAA,,,,,,,,,,,,,,,,,
hCoV-19/USA/WA-S18594/2022,,,,,,,,,,,,,GAGCCAGAA,,,,,,,,,,,,,,,,,
hCoV-19/USA/WA-S19330/2021,,,,,,,,,,,,,GAGCCAGAA,,,,,,,,,,,,,,,,,
hCoV-19/USA/WA-S18510/2022,,,,,,,,,,,,,GAGCCAGAA,,,,,,,,,,,,,,,,,
hCoV-19/USA/WA-S18996/2022,,,,,,,,,,,,,GAGCCAGAA,,,,,,,,,,,,,,,,,
hCoV-19/USA/WA-S16063/2022,,,,,,,,,,,,,GAGCCAGAA,,,,,,,,,,,,,,,,,
hCoV-19/USA/WA-S17288/2022,,,,,,,,,,,,,GAGCCAGAA,,,,,,,,,,,,,,,,,
hCoV-19/USA/WA-S16884/2022,,,,,,,,,,,,,GAGCCAGAA,,,,,,,,,,,,,,,,,
hCoV-19/USA/WA-S17275/2022,,,,,,,,,,,,,GAGCCAGAA,,,,,,,,,,,,,,,,,
hCoV-19/USA/WA-S16110/2022,,,,,,,,,,,,,GAGCCAGAA,,,,,,,,,,,,,,,,,
hCoV-19/USA/WA-S17233/2022,,,,,,,,,,,,,GAGCCAGAA,,,,,,,,,,,,,,,,,
hCoV-19/USA/WA-S16633/2022,,,,,,,,,,,,,GAGCCAGAA,,,,,,,,,,,,,,,,,
hCoV-19/USA/WA-S17426/2022,,,,,,,,,,,,,GAGCCAGAA,,,,,,,,,,,,,,,,,
hCoV-19/USA/WA-S17006/2022,,,,,,,,,,,,,GAGCCAGAA,,,,,,,,,,,,,,,,,
hCoV-19/USA/WA-S15925/2021,,,,,,,,,,,,,GAGCCAGAA,,,,,,,,,,,,,,,,,
hCoV-19/USA/WA-S16094/2022,,,,,,,,,,,,,GAGCCAGAA,,,,,,,,,,,,,,,,,
hCoV-19/USA/WA-S15873/2021,,,,,,,,,,,,,GAGCCAGAA,,,,,,,,,,,,,,,,,
hCoV-19/USA/WA-S16796/2022,,,,,,,,,,,,,GAGCCAGAA,,,,,,,,,,,,,,,,,
hCoV-19/USA/WA-S16321/2022,,,,,,,,,,,,,GAGCCAGAA,,,,,,,,,,,,,,,,,
hCoV-19/USA/WA-S17165/2022,,,,,,,,,,,,,GAGCCAGAA,,,,,,,,,,,,,,,,,
hCoV-19/USA/WA-S16412/2022,,,,,,,,,,,,,GAGCCAGAA,,,,,,,,,,,,,,,,,
hCoV-19/USA/WA-S16665/2022,,,,,,,,,,,,,GAGCCAGAA,,,,,,,,,,,,,,,,,
hCoV-19/USA/WA-S17174/2022,,,,,,,,,,,,,GAGCCAGAA,,,,,,,,,,,,,,,,,
hCoV-19/USA/WA-S17379/2022,,,,,,,,,,,,,GAGCCAGAA,,,,,,,,,,,,,,,,,
hCoV-19/USA/WA-S17207/2022,,,,,,,,,,,,,GAGCCAGAA,,,,,,,,,,,,,,,,,
hCoV-19/USA/WA-S17304/2022,,,,,,,,,,,,,GAGCCAGAA,,,,,,,,,,,,,,,,,
hCoV-19/USA/WA-S16009/2021,,,,,,,,,,,,,GAGCCAGAA,,,,,,,,,,,,,,,,,
hCoV-19/USA/WA-S16131/2022,,,,,,,,,,,,,GAGCCAGAA,,,,,,,,,,,,,,,,,
hCoV-19/USA/WA-S18141/2022,,,,,,,,,,,,,GAGCCAGAA,,,,,,,,,,,,,,,,,
hCoV-19/USA/WA-S17595/2022,,,,,,,,,,,,,GAGCCAGAA,,,,,,,,,,,,,,,,,
hCoV-19/USA/WA-S18046/2022,,,,,,,,,,,,,GAGCCAGAA,,,,,,,,,,,,,,,,,
hCoV-19/USA/WA-S15830/2021,,,,,,,,,,,,,GAGCCAGAA,,,,,,,,,,,,,,,,,
hCoV-19/USA/WA-S15965/2021,,,,,,,,,,,,,GAGCCAGAA,,,,,,,,,,,,,,,,,
hCoV-19/USA/WA-S16149/2022,,,,,,,,,,,,,GAGCCAGAA,,,,,,,,,,,,,,,,,
hCoV-19/USA/WA-S16019/2021,,,,,,,,,,,,,GAGCCAGAA,,,,,,,,,,,,,,,,,
hCoV-19/USA/WA-S17984/2022,,,,,,,,,,,,,GAGCCAGAA,,,,,,,,,,,,,,,,,
hCoV-19/USA/WA-S17893/2022,,,,,,,,,,,,,GAGCCAGAA,,,,,,,,,,,,,,,,,
hCoV-19/USA/WA-S16123/2022,,,,,,,,,,,,,GAGCCAGAA,,,,,,,,,,,,,,,,,
hCoV-19/USA/WA-S18626/2022,,,,,,,,,,,,,GAGCCAGAA,,,,,,,,,,,,,,,,,
hCoV-19/USA/WA-PHL-009565/2021,,,,,,,,,,,,,GAGCCAGAA,,,,,,,,,,,,,,,,,
hCoV-19/USA/WA-PHL-009824/2021,,,,,,,,,,,,,GAGCCAGAA,,,,,,,,,,,,,,,,,
hCoV-19/USA/WA-PHL-015053/2022,,,,,,,,,,,,,GAGCCAGAA,,,,,,,,,,,,,,,,,
hCoV-19/USA/WA-PHL-016523/2021,,,,,,,,,,,,,GAGCCAGAA,,,,,,,,,,,,,,,,,
hCoV-19/USA/WA-PHL-009995/2022,,,,,,,,,,,,,GAGCCAGAA,,,,,,,,,,,,,,,,,
hCoV-19/USA/WA-CDC-QDX33311099/2022,,,,,,,,,,,,,GAGCCAGAA,,,,,,,,,,,,,,,,,
hCoV-19/USA/WA-PHL-012133/2022,,,,,,,,,,,,,GAGCCAGAA,,,,,,,,,,,,,,,,,
hCoV-19/USA/WA-PHL-013044/2022,,,,,,,,,,,,,GAGCCAGAA,,,,,,,,,,,,,,,,,
hCoV-19/USA/WA-IVY-ZZX9LGX8/2022,,,,,,,,,,,,,GAGCCAGAA,,,,,,,,,,,,,,,,,
hCoV-19/USA/WA-PHL-010643/2022,,,,,,,,,,,,,GAGCCAGAA,,,,,,,,,,,,,,,,,
hCoV-19/USA/WA-PHL-015609/2022,,,,,,,,,,,,,GAGCCAGAA,,,,,,,,,,,,,,,,,
hCoV-19/USA/WA-PHL-009574/2021,,,,,,,,,,,,,GAGCCAGAA,,,,,,,,,,,,,,,,,
hCoV-19/USA/WA-PHL-009481/2021,,,,,,,,,,,,,GAGCCAGAA,,,,,,,,,,,,,,,,,
hCoV-19/USA/WA-PHL-012501/2022,,,,,,,,,,,,,GAGCCAGAA,,,,,,,,,,,,,,,,,
hCoV-19/USA/WA-PHL-010772/2022,,,,,,,,,,,,,GAGCCAGAA,,,,,,,,,,,,,,,,,
hCoV-19/USA/WA-PHL-016937/2022,,,,,,,,,,,,,GAGCCAGAA,,,,,,,,,,,,,,,,,
hCoV-19/USA/WA-PHL-011101/2022,,,,,,,,,,,,,GAGCCAGAA,,,,,,,,,,,,,,,,,
hCoV-19/USA/WA-S16173/2021,,,,,,,,,,,,,GAGCCAGAA,,,,,,,,,,,,,,,,,
hCoV-19/USA/WA-S18361/2022,,,,,,,,,,,,,GAGCCAGAA,,,,,,,,,,,,,,,,,
hCoV-19/USA/WA-S16384/2022,,,,,,,,,,,,,GAGCCAGAA,,,,,,,,,,,,,,,,,
hCoV-19/USA/WA-S16404/2022,,,,,,,,,,,,,GAGCCAGAA,,,,,,,,,,,,,,,,,
hCoV-19/USA/WA-S16299/2022,,,,,,,,,,,,,GAGCCAGAA,,,,,,,,,,,,,,,,,
hCoV-19/USA/WA-S16654/2022,,,,,,,,,,,,,GAGCCAGAA,,,,,,,,,,,,,,,,,
hCoV-19/USA/WA-S18499/2022,,,,,,,,,,,,,GAGCCAGAA,,,,,,,,,,,,,,,,,
hCoV-19/USA/WA-S16687/2022,,,,,,,,,,,,,GAGCCAGAA,,,,,,,,,,,,,,,,,
hCoV-19/USA/WA-S17761/2022,,,,,,,,,,,,,GAGCCAGAA,,,,,,,,,,,,,,,,,
hCoV-19/USA/WA-S17730/2022,,,,,,,,,,,,,GAGCCAGAA,,,,,,,,,,,,,,,,,
hCoV-19/USA/WA-S17121/2022,,,,,,,,,,,,,GAGCCAGAA,,,,,,,,,,,,,,,,,
hCoV-19/USA/WA-S16911/2022,,,,,,,,,,,,,GAGCCAGAA,,,,,,,,,,,,,,,,,
hCoV-19/USA/WA-S17993/2022,,,,,,,,,,,,,GAGCCAGAA,,,,,,,,,,,,,,,,,
hCoV-19/USA/WA-S16889/2022,,,,,,,,,,,,,GAGCCAGAA,,,,,,,,,,,,,,,,,
hCoV-19/USA/WA-S18023/2022,,,,,,,,,,,,,GAGCCAGAA,,,,,,,,,,,,,,,,,
hCoV-19/USA/WA-S17327/2022,,,,,,,,,,,,,GAGCCAGAA,,,,,,,,,,,,,,,,,
hCoV-19/USA/WA-S17585/2022,,,,,,,,,,,,,GAGCCAGAA,,,,,,,,,,,,,,,,,
hCoV-19/USA/WA-S17376/2022,,,,,,,,,,,,,GAGCCAGAA,,,,,,,,,,,,,,,,,
hCoV-19/USA/WA-S19417/2022,,,,,,,,,,,,,GAGCCAGAA,,,,,,,,,,,,,,,,,
hCoV-19/USA/WA-S17591/2022,,,,,,,,,,,,,GAGCCAGAA,,,,,,,,,,,,,,,,,
hCoV-19/USA/WA-S17732/2022,,,,,,,,,,,,,GAGCCAGAA,,,,,,,,,,,,,,,,,
hCoV-19/USA/WA-S16062/2022,,,,,,,,,,,,,GAGCCAGAA,,,,,,,,,,,,,,,,,
hCoV-19/USA/WA-S16718/2022,,,,,,,,,,,,,GAGCCAGAA,,,,,,,,,,,,,,,,,
hCoV-19/USA/WA-S16657/2022,,,,,,,,,,,,,GAGCCAGAA,,,,,,,,,,,,,,,,,
hCoV-19/USA/WA-S16487/2022,,,,,,,,,,,,,GAGCCAGAA,,,,,,,,,,,,,,,,,
hCoV-19/USA/WA-S16685/2022,,,,,,,,,,,,,GAGCCAGAA,,,,,,,,,,,,,,,,,
hCoV-19/USA/WA-S16605/2022,,,,,,,,,,,,,GAGCCAGAA,,,,,,,,,,,,,,,,,
hCoV-19/USA/WA-S17778/2022,,,,,,,,,,,,,GAGCCAGAA,,,,,,,,,,,,,,,,,
hCoV-19/USA/WA-S16689/2022,,,,,,,,,,,,,GAGCCAGAA,,,,,,,,,,,,,,,,,
hCoV-19/USA/WA-S17283/2022,,,,,,,,,,,,,GAGCCAGAA,,,,,,,,,,,,,,,,,
hCoV-19/USA/WA-S16414/2022,,,,,,,,,,,,,GAGCCAGAA,,,,,,,,,,,,,,,,,
hCoV-19/USA/WA-S17677/2022,,,,,,,,,,,,,GAGCCAGAA,,,,,,,,,,,,,,,,,
hCoV-19/USA/WA-S17674/2022,,,,,,,,,,,,,GAGCCAGAA,,,,,,,,,,,,,,,,,
hCoV-19/USA/WA-CDC-LC0452774/2021,,,,,,,,,,,,,GAGCCAGAA,,,,,,,,,,,,,,,,,
hCoV-19/USA/WA-CDC-LC0527357/2022,,,,,,,,,,,,,GAGCCAGAA,,,,,,,,,,,,,,,,,
hCoV-19/USA/WA-S16775/2022,,,,,,,,,,,,,GAGCCAGAA,,,,,,,,,,,,,,,,,
hCoV-19/USA/WA-S17679/2022,,,,,,,,,,,,,GAGCCAGAA,,,,,,,,,,,,,,,,,
hCoV-19/USA/WA-S17806/2022,,,,,,,,,,,,,GAGCCAGAA,,,,,,,,,,,,,,,,,
hCoV-19/USA/WA-S16673/2022,,,,,,,,,,,,,GAGCCAGAA,,,,,,,,,,,,,,,,,
hCoV-19/USA/WA-S16938/2022,,,,,,,,,,,,,GAGCCAGAA,,,,,,,,,,,,,,,,,
hCoV-19/USA/WA-S17667/2022,,,,,,,,,,,,,GAGCCAGAA,,,,,,,,,,,,,,,,,
hCoV-19/USA/WA-S18547/2022,,,,,,,,,,,,,GAGCCAGAA,,,,,,,,,,,,,,,,,
hCoV-19/USA/WA-S17290/2022,,,,,,,,,,,,,GAGCCAGAA,,,,,,,,,,,,,,,,,
hCoV-19/USA/WA-S16288/2022,,,,,,,,,,,,,GAGCCAGAA,,,,,,,,,,,,,,,,,
hCoV-19/USA/WA-S17698/2022,,,,,,,,,,,,,GAGCCAGAA,,,,,,,,,,,,,,,,,
hCoV-19/USA/WA-S17640/2022,,,,,,,,,,,,,GAGCCAGAA,,,,,,,,,,,,,,,,,
hCoV-19/USA/WA-S16954/2022,,,,,,,,,,,,,GAGCCAGAA,,,,,,,,,,,,,,,,,
hCoV-19/USA/WA-S17022/2022,,,,,,,,,,,,,GAGCCAGAA,,,,,,,,,,,,,,,,,
hCoV-19/USA/WA-S16154/2022,,,,,,,,,,,,,GAGCCAGAA,,,,,,,,,,,,,,,,,
hCoV-19/USA/WA-S16070/2022,,,,,,,,,,,,,GAGCCAGAA,,,,,,,,,,,,,,,,,
hCoV-19/USA/WA-S18120/2022,,,,,,,,,,,,,GAGCCAGAA,,,,,,,,,,,,,,,,,
hCoV-19/USA/WA-S16073/2022,,,,,,,,,,,,,GAGCCAGAA,,,,,,,,,,,,,,,,,
hCoV-19/USA/WA-S18518/2022,,,,,,,,,,,,,GAGCCAGAA,,,,,,,,,,,,,,,,,
hCoV-19/USA/WA-S18127/2022,,,,,,,,,,,,,GAGCCAGAA,,,,,,,,,,,,,,,,,
hCoV-19/USA/WA-S17965/2022,,,,,,,,,,,,,GAGCCAGAA,,,,,,,,,,,,,,,,,
hCoV-19/USA/WA-S15790/2021,,,,,,,,,,,,,GAGCCAGAA,,,,,,,,,,,,,,,,,
hCoV-19/USA/WA-S16047/2022,,,,,,,,,,,,,GAGCCAGAA,,,,,,,,,,,,,,,,,
hCoV-19/USA/WA-S15996/2021,,,,,,,,,,,,,GAGCCAGAA,,,,,,,,,,,,,,,,,
hCoV-19/USA/WA-S16631/2022,,,,,,,,,,,,,GAGCCAGAA,,,,,,,,,,,,,,,,,
hCoV-19/USA/WA-S17763/2022,,,,,,,,,,,,,GAGCCAGAA,,,,,,,,,,,,,,,,,
hCoV-19/USA/WA-S16007/2021,,,,,,,,,,,,,GAGCCAGAA,,,,,,,,,,,,,,,,,
hCoV-19/USA/WA-PHL-013147/2022,,,,,,,,,,,,,GAGCCAGAA,,,,,,,,,,,,,,,,,
hCoV-19/USA/WA-S16121/2022,,,,,,,,,,,,,GAGCCAGAA,,,,,,,,,,,,,,,,,
hCoV-19/USA/WA-S16104/2022,,,,,,,,,,,,,GAGCCAGAA,,,,,,,,,,,,,,,,,
hCoV-19/USA/WA-PHL-010449/2022,,,,,,,,,,,,,GAGCCAGAA,,,,,,,,,,,,,,,,,
hCoV-19/USA/WA-PHL-009962/2022,,,,,,,,,,,,,GAGCCAGAA,,,,,,,,,,,,,,,,,
hCoV-19/USA/WA-PHL-012785/2022,,,,,,,,,,,,,GAGCCAGAA,,,,,,,,,,,,,,,,,
hCoV-19/USA/WA-S16055/2022,,,,,,,,,,,,,GAGCCAGAA,,,,,,,,,,,,,,,,,
hCoV-19/USA/WA-PHL-013492/2022,,,,,,,,,,,,,GAGCCAGAA,,,,,,,,,,,,,,,,,
hCoV-19/USA/WA-PHL-013452/2022,,,,,,,,,,,,,GAGCCAGAA,,,,,,,,,,,,,,,,,
hCoV-19/USA/WA-PHL-012855/2022,,,,,,,,,,,,,GAGCCAGAA,,,,,,,,,,,,,,,,,
hCoV-19/USA/WA-S16130/2022,,,,,,,,,,,,,GAGCCAGAA,,,,,,,,,,,,,,,,,
hCoV-19/USA/WA-S18481/2022,,,,,,,,,,,,,GAGCCAGAA,,,,,,,,,,,,,,,,,
hCoV-19/USA/WA-S18480/2022,,,,,,,,,,,,,GAGCCAGAA,,,,,,,,,,,,,,,,,
hCoV-19/USA/WA-PHL-010641/2022,,,,,,,,,,,,,GAGCCAGAA,,,,,,,,,,,,,,,,,
hCoV-19/USA/WA-PHL-012625/2022,,,,,,,,,,,,,GAGCCAGAA,,,,,,,,,,,,,,,,,
hCoV-19/USA/WA-S20792/2022,,,,,,,,,,,,,GAGCCAGAA,,,,,,,,,,,,,,,,,
hCoV-19/USA/WA-PHL-017400/2022,,,,,,,,,,,,,GAGCCAGAA,,,,,,,,,,,,,,,,,
hCoV-19/USA/WA-S16401/2022,,,,,,,,,,,,,GAGCCAGAA,,,,,,,,,,,,,,,,,
hCoV-19/USA/WA-S16699/2022,,,,,,,,,,,,,GAGCCAGAA,,,,,,,,,,,,,,,,,
hCoV-19/USA/WA-S16383/2022,,,,,,,,,,,,,GAGCCAGAA,,,,,,,,,,,,,,,,,
hCoV-19/USA/WA-S17681/2022,,,,,,,,,,,,,GAGCCAGAA,,,,,,,,,,,,,,,,,
hCoV-19/USA/WA-S18044/2022,,,,,,,,,,,,,GAGCCAGAA,,,,,,,,,,,,,,,,,
hCoV-19/USA/WA-S16340/2022,,,,,,,,,,,,,GAGCCAGAA,,,,,,,,,,,,,,,,,
hCoV-19/USA/WA-S18581/2022,,,,,,,,,,,,,GAGCCAGAA,,,,,,,,,,,,,,,,,
hCoV-19/USA/WA-CDC-FG-284687/2022,,,,,,,,,,,,,GAGCCAGAA,,,,,,,,,,,,,,,,,
hCoV-19/USA/WA-S16291/2022,,,,,,,,,,,,,GAGCCAGAA,,,,,,,,,,,,,,,,,
hCoV-19/USA/WA-S17439/2022,,,,,,,,,,,,,GAGCCAGAA,,,,,,,,,,,,,,,,,
hCoV-19/USA/WA-S17719/2022,,,,,,,,,,,,,GAGCCAGAA,,,,,,,,,,,,,,,,,
hCoV-19/USA/WA-S16388/2022,,,,,,,,,,,,,GAGCCAGAA,,,,,,,,,,,,,,,,,
hCoV-19/USA/WA-S19342/2021,,,,,,,,,,,,,GAGCCAGAA,,,,,,,,,,,,,,,,,
hCoV-19/USA/WA-S18327/2022,,,,,,,,,,,,,GAGCCAGAA,,,,,,,,,,,,,,,,,
hCoV-19/USA/WA-S17116/2022,,,,,,,,,,,,,GAGCCAGAA,,,,,,,,,,,,,,,,,
hCoV-19/USA/WA-CDC-ASC210603699/2022,,,,,,,,,,,,,GAGCCAGAA,,,,,,,,,,,,,,,,,
hCoV-19/USA/WA-S17991/2022,,,,,,,,,,,,,GAGCCAGAA,,,,,,,,,,,,,,,,,
hCoV-19/USA/WA-S17002/2022,,,,,,,,,,,,,GAGCCAGAA,,,,,,,,,,,,,,,,,
hCoV-19/USA/WA-S17013/2022,,,,,,,,,,,,,GAGCCAGAA,,,,,,,,,,,,,,,,,
hCoV-19/USA/WA-S16976/2022,,,,,,,,,,,,,GAGCCAGAA,,,,,,,,,,,,,,,,,
hCoV-19/USA/WA-S16987/2022,,,,,,,,,,,,,GAGCCAGAA,,,,,,,,,,,,,,,,,
hCoV-19/USA/WA-S17637/2022,,,,,,,,,,,,,GAGCCAGAA,,,,,,,,,,,,,,,,,
hCoV-19/USA/WA-S16885/2022,,,,,,,,,,,,,GAGCCAGAA,,,,,,,,,,,,,,,,,
hCoV-19/USA/WA-S17682/2022,,,,,,,,,,,,,GAGCCAGAA,,,,,,,,,,,,,,,,,
hCoV-19/USA/WA-S16724/2022,,,,,,,,,,,,,GAGCCAGAA,,,,,,,,,,,,,,,,,
hCoV-19/USA/WA-S18146/2022,,,,,,,,,,,,,GAGCCAGAA,,,,,,,,,,,,,,,,,
hCoV-19/USA/WA-S17333/2022,,,,,,,,,,,,,GAGCCAGAA,CCC,,,,,,,,,,,,,,,,
hCoV-19/USA/WA-S17354/2022,,,,,,,,,,,,,GAGCCAGAA,,,,,,,,,,,,,,,,,
hCoV-19/USA/WA-S17264/2022,,,,,,,,,,,,,GAGCCAGAA,,,,,,,,,,,,,,,,,
hCoV-19/USA/WA-S17336/2022,,,,,,,,,,,,,GAGCCAGAA,,,,,,,,,,,,,,,,,
hCoV-19/USA/WA-S17746/2022,,,,,,,,,,,,,GAGCCAGAA,,,,,,,,,,,,,,,,,
hCoV-19/USA/WA-S18572/2022,,,,,,,,,,,,,GAGCCAGAA,,,,,,,,,,,,,,,,,
hCoV-19/USA/WA-S18643/2022,,,,,,,,,,,,,GAGCCAGAA,,,,,,,,,,,,,,,,,
hCoV-19/USA/WA-S18979/2022,,,,,,,,,,,,,GAGCCAGAA,,,,,,,,,,,,,,,,,
hCoV-19/USA/WA-S18627/2022,,,,,,,,,,,,,GAGCCAGAA,,,,,,,,,,,,,,,,,
hCoV-19/USA/WA-S18559/2022,,,,,,,,,,,,,GAGCCAGAA,,,,,,,,,,,,,,,,,
hCoV-19/USA/WA-S18604/2022,,,,,,,,,,,,,GAGCCAGAA,,,,,,,,,,,,,,,,,
hCoV-19/USA/WA-S16338/2022,,,,,,,,,,,,,GAGCCAGAA,,,,,,,,,,,,,,,,,
hCoV-19/USA/WA-S20905/2022,,,,,,,,,,,,,GAGCCAGAA,,,,,,,,,,,,,,,,,
hCoV-19/USA/WA-S16333/2022,,,,,,,,,,,,,GAGCCAGAA,,,,,,,,,,,,,,,,,
hCoV-19/USA/WA-S17414/2022,,,,,,,,,,,,,GAGCCAGAA,,,,,,,,,,,,,,,,,
hCoV-19/USA/WA-S17436/2022,,,,,,,,,,,,,GAGCCAGAA,,,,,,,,,,,,,,,,,
hCoV-19/USA/WA-S17685/2022,,,,,,,,,,,,,GAGCCAGAA,,,,,,,,,,,,,,,,,
hCoV-19/USA/WA-S18423/2022,,,,,,,,,,,,,GAGCCAGAA,,,,,,,,,,,,,,,,,
hCoV-19/USA/WA-S17788/2022,,,,,,,,,,,,,GAGCCAGAA,,,,,,,,,,,,,,,,,
hCoV-19/USA/WA-S17272/2022,,,,,,,,,,,,,GAGCCAGAA,,,,,,,,,,,,,,,,,
hCoV-19/USA/WA-S16091/2022,,,,,,,,,,,,,GAGCCAGAA,,,,,,,,,,,,,,,,,
hCoV-19/USA/WA-PHL-015210/2022,,,,,,,,,,,,,GAGCCAGAA,,,,,,,,,,,,,,,,,
hCoV-19/USA/WA-PHL-013177/2022,,,,,,,,,,,,,GAGCCAGAA,,,,,,,,,,,,,,,,,
hCoV-19/USA/WA-PHL-011485/2022,,,,,,,,,,,,,GAGCCAGAA,,,,,,,,,,,,,,,,,
hCoV-19/USA/WA-CDC-UW22021540140/2022,,,,,,,,,,,,,GAGCCAGAA,,,,,,,,,,,,,,,,,
hCoV-19/USA/WA-CDC-UW22030479322/2022,,,,,,,,,,,,,GAGCCAGAA,,,,,,,,,,,,,,,,,
hCoV-19/USA/WA-CDC-UW22040245976/2022,,,,,,,,,,,,,GAGCCAGAA,,,,,,,,,,,,,GGT,,,,
hCoV-19/USA/WA-UW-22033126139/2022,,,,,,,,,,,,,GAGCCAGAA,,,,,,,,,,,,,,,,,
hCoV-19/USA/WA-CDC-UW22032712380/2022,,,,,,,,,,,,,GAGCCAGAA,,,,,,,,,,,,,,,,,
hCoV-19/USA/WA-CDC-LC0450951/2021,,,,,,,,,,,,,GAGCCAGAA,,,,,,,,,,,,,,,,,
hCoV-19/USA/WA-CDC-UW22031143902/2022,,,,,,,,,,,,,GAGCCAGAA,,,,,,,,,,,,,,,,,
hCoV-19/USA/WA-CDC-LC0538306/2022,,,,,,,,,,,,,GAGCCAGAA,,,,,,,,,,,,,,,,,
hCoV-19/USA/WA-CDC-LC0568081/2022,,,,,,,,,,,,,GAGCCAGAA,,,,,,,,,,,,,,,,,
hCoV-19/USA/WA-CDC-LC0539030/2022,,,,,,,,,,,,,GAGCCAGAA,,,,,,,,,,,,,,,,,
hCoV-19/USA/WA-CDC-UW22022007778/2022,,,,,,,,,,,,,GAGCCAGAA,,,,,,,,,,,,,,,,,
hCoV-19/USA/WA-CDC-UW22030679869/2022,,,,,,,,,,,,,GAGCCAGAA,,,,,,,,,,,,,,,,,
hCoV-19/USA/WA-CDC-UW22021619570/2022,,,,,,,,,,,,,GAGCCAGAA,,,,,,,,,,,,,,,,,
hCoV-19/USA/WA-CDC-LC0521519/2022,,,,,,,,,,,,,GAGCCAGAA,,,,,,,,,,,,,,,,,
hCoV-19/USA/WA-CDC-4551136-001/2022,,,,,,,,,,,,,GAGCCAGAA,CCC,,,,,,,,,,,,,,,,
hCoV-19/USA/WA-CDC-LC0568191/2022,,,,,,,,,,,,,GAGCCAGAA,,,,,,,,,,,,,,,,,
hCoV-19/USA/WA-S17406/2022,,,,,,,,,,,,,GAGCCAGAA,,,,,,,,,,,,,,,,,
hCoV-19/USA/WA-S19060/2022,,,,,,,,,,,,,GAGCCAGAA,,,,,,,,,,,,,,,,,
hCoV-19/USA/WA-S19005/2022,,,,,,,,,,,,,GAGCCAGAA,,,,,,,,,,,,,,,,,
hCoV-19/USA/WA-S19153/2022,,,,,,,,,,,,,GAGCCAGAA,,,,,,,,,,,,,,,,,
hCoV-19/USA/WA-S18902/2022,,,,,,,,,,,,,GAGCCAGAA,,,,,,,,,,,,,,,,,
hCoV-19/USA/WA-S19154/2022,,,,,,,,,,,,,GAGCCAGAA,,,,,,,,,,,,,,,,,
hCoV-19/USA/WA-S17064/2022,,,,,,,,,,,,,GAGCCAGAA,,,,,,,,,,,,,,,,,
hCoV-19/USA/WA-S19361/2021,,,,,,,,,,,,,GAGCCAGAA,,,,,,,,,,,,,,,,,
hCoV-19/USA/WA-S17879/2022,,,,,,,,,,,,,GAGCCAGAA,,,,,,,,,,,,,,,,,
hCoV-19/USA/WA-USAFSAM-S13006/2022,,,,,,,,,,,,,GAGCCAGAA,,,,,,,,,,,,,,,,,
hCoV-19/USA/WA-CDC-LC0524393/2022,,,,,,,,,,,,,GAGCCAGAA,,,,,,,,,,,,,,,,,
hCoV-19/USA/WA-S19064/2022,,,,,,,,,,,,,GAGCCAGAA,,,,,,,,,,,,,,,,,
hCoV-19/USA/WA-CDC-UW21122482165/2021,,,,,,,,,,,,,CGT,,,,,,,,,,,,,,,,,
hCoV-19/USA/WA-CDC-UW22010882262/2022,,,,,,,,,,,,,CGT,,,,,,,,,,,,,,,,,
hCoV-19/USA/WA-CDC-UW21122818487/2021,,,,,,,,,,,,,CGT,,,,,,,,,,,,,,,,,
hCoV-19/USA/WA-CDC-UW22010466903/2022,,,,,,,,,,,,,CGT,,,,,,,,,,,,,,,,,
hCoV-19/USA/WA-CDC-UW21122762170/2021,,,,,,,,,,,,,CGT,,,,,,,,,,,,,,,,,
hCoV-19/USA/WA-UW-22021735132/2022,,,,,,,,,,,,,CGT,,,,,,,,,,,,,,,,,
hCoV-19/USA/WA-UW-22020862433/2022,,,,,,,,,,,,,CGT,,,,,,,,,,,,,,,,,
hCoV-19/USA/WA-S20068/2022,,,,,,,,,,,,,,CCC,,,,,,,,,,,,,,,,
hCoV-19/USA/WA-CDC-UW21090205522/2021,,,,,,,,,,,,,,,T,,,,,,,,,,,,,,,
hCoV-19/USA/WA-S7489/2021,,,,,,,,,,,,,,,,T,,,,,,,,,,,,,,
hCoV-19/USA/WA-CDC-UW21110265288/2021,,,,,,,,,,,,,,,,,,,TTTTTTTTTTTTTTT,,,,,,,,,,,
hCoV-19/USA/WA-CDC-UW22070976032/2022,,,,,,,,,,,,,,,,,,,,,,T,,,,,,,,
hCoV-19/USA/WA-S9317/2021,,,,,,,,,,,,,,,,,,,,,,,TG,,,,,,,
hCoV-19/USA/WA-UW-2021040518515/2021,,,,,,,,,,,,,,,,,,,,,,,,AACA,,,,,,
hCoV-19/USA/WA-UW-2021040505971/2021,,,,,,,,,,,,,,,,,,,,,,,,AACA,,,,,,
hCoV-19/USA/WA-CDC-UW21061963751/2021,,,,,,,,,,,,,,,,,,,,,,,,AACA,,,,,,
hCoV-19/USA/WA-UW-2021040503353/2021,,,,,,,,,,,,,,,,,,,,,,,,AACA,,,,,,
hCoV-19/USA/WA-CDC-ASC210066318/2021,,,,,,,,,,,,,,,,,,,,,,,,AACA,,,,,,
hCoV-19/USA/WA-CDC-LC0085436/2021,,,,,,,,,,,,,,,,,,,,,,,,AACA,,,,,,
hCoV-19/USA/WA-S7900/2021,,,,,,,,,,,,,,,,,,,,,,,,AACA,,,,,,
hCoV-19/USA/WA-PHL-000899/2021,,,,,,,,,,,,,,,,,,,,,,,,AACA,,,,,,
hCoV-19/USA/WA-PHL-000909/2021,,,,,,,,,,,,,,,,,,,,,,,,AACA,,,,,,
hCoV-19/USA/WA-S5728/2021,,,,,,,,,,,,,,,,,,,,,,,,,,,C,,,
hCoV-19/USA/WA-S21089/2022,,,,,,,,,,,,,,,,,,,,,,,,,,,,,G,
hCoV-19/USA/WA-CDC-UW22090404323/2022,,,,,,,,,,,,,,,,,,,,,,,,,,,,,A,
hCoV-19/USA/WA-S5226/2021,,,,,,,,,,,,,,,,,,,,,,,,,,,,,,CAAAAAAAAAAAAA
